<?xml version="1.0" encoding="UTF-8"?>
<metadata xml:lang="nl"><Esri><CreaDate>20251017</CreaDate><CreaTime>11295900</CreaTime><ArcGISFormat>1.0</ArcGISFormat><SyncOnce>TRUE</SyncOnce><DataProperties><lineage><Process ToolSource="c:\program files (x86)\arcgis\desktop10.8\ArcToolbox\Toolboxes\Data Management Tools.tbx\Append" Date="20251017" Time="103421">Append NietBGT_Pand_net;BAS_ALG_net;'bouwwerken_310725 selection' Bouwwerken_netcongestie NO_TEST "IDENTIFICATIE "identificatie" true true false 255 Text 0 0 ,First,#;TYPE_ "type" true true false 100 Text 0 0 ,First,#;BRONHOUDER "bronhouder" true true false 12 Text 0 0 ,First,#;OBWV_RELATIEVEHOOGTELIGGING "OBWV_relatieveHoogteligging" true true false 2 Short 0 0 ,First,#;OBJECT_CODE "OBJECT_CODE" true true false 7 Text 0 0 ,First,#;D_TYPE "D_TYPE" true true false 100 Text 0 0 ,First,#;GEBOUW_CODE "GEBOUW_CODE" true true false 10 Text 0 0 ,First,#;UVID "UVID" true true false 16 Text 0 0 ,First,#,NietBGT_Pand_net,UVID,-1,-1,BAS_ALG_net,UVID,-1,-1;DEFENSIE_GEBOUWCODE "DEFENSIE_GEBOUWCODE" true true false 10 Text 0 0 ,First,#,NietBGT_Pand_net,DEFENSIE_GEBOUWCODE,-1,-1,BAS_ALG_net,DEFENSIE_GEBOUWCODE,-1,-1;BOUWWERKCODE "BOUWWERKCODE" true true false 17 Text 0 0 ,First,#,NietBGT_Pand_net,BOUWWERKCODE,-1,-1,BAS_ALG_net,BOUWWERKCODE,-1,-1;BOUWJAAR "BOUWJAAR" true true false 2 Short 0 0 ,First,#,NietBGT_Pand_net,BOUWJAAR,-1,-1,BAS_ALG_net,BOUWJAAR,-1,-1;AFSTOOTSTATUS "AFSTOOTSTATUS" true true false 50 Text 0 0 ,First,#,NietBGT_Pand_net,AFSTOOTSTATUS,-1,-1,BAS_ALG_net,AFSTOOTSTATUS,-1,-1;WOONPLAATSNAAM "WOONPLAATSNAAM" true true false 80 Text 0 0 ,First,#,NietBGT_Pand_net,WOONPLAATSNAAM,-1,-1,BAS_ALG_net,WOONPLAATSNAAM,-1,-1;PDMV_RELATIEVEHOOGTELIGGING "PDMV_relatieveHoogteligging" true true false 2 Short 0 0 ,First,#,NietBGT_Pand_net,PDMV_RELATIEVEHOOGTELIGGING,-1,-1;IDENTIFICATIEBAGPND "identificatieBAGPND" true true false 16 Text 0 0 ,First,#;Shape__Area "Shape__Area" true true false 8 Double 0 0 ,First,#;Shape__Length "Shape__Length" true true false 8 Double 0 0 ,First,#;OBJECTID_1 "OBJECTID_1" true false false 4 Long 0 0 ,First,#,NietBGT_Pand_net,OBJECTID_1,-1,-1,BAS_ALG_net,OBJECTID_1,-1,-1;EAN "EAN" true true false 255 Text 0 0 ,First,#,NietBGT_Pand_net,EAN,-1,-1,BAS_ALG_net,EAN,-1,-1;Gebouwcode_hoofdaansluiting "Gebouwcode hoofdaansluiting" true true false 255 Text 0 0 ,First,#,NietBGT_Pand_net,Gebouwcode_hoofdaansluiting,-1,-1,BAS_ALG_net,Gebouwcode_hoofdaansluiting,-1,-1;Gekoppelde_aansluiting "Gekoppelde aansluiting" true true false 409 Text 0 0 ,First,#,NietBGT_Pand_net,Gekoppelde_aansluiting,-1,-1,BAS_ALG_net,Gekoppelde_aansluiting,-1,-1;Entity "Entity" true true false 255 Text 0 0 ,First,#,NietBGT_Pand_net,Entity,-1,-1,BAS_ALG_net,Entity,-1,-1;Portefeuille "Portefeuille" true true false 255 Text 0 0 ,First,#,NietBGT_Pand_net,Portefeuille,-1,-1,BAS_ALG_net,Portefeuille,-1,-1;Naam_Defensie "Naam Defensie" true true false 255 Text 0 0 ,First,#,NietBGT_Pand_net,Naam_Defensie,-1,-1,BAS_ALG_net,Naam_Defensie,-1,-1;Bouwwerkfunctie "Bouwwerkfunctie" true true false 255 Text 0 0 ,First,#,NietBGT_Pand_net,BOUWWERKFUNCTIE,-1,-1,BAS_ALG_net,BOUWWERKFUNCTIE,-1,-1;Adres "Adres" true true false 255 Text 0 0 ,First,#,NietBGT_Pand_net,Adres,-1,-1,BAS_ALG_net,Adres,-1,-1;Postcode "Postcode" true true false 255 Text 0 0 ,First,#,NietBGT_Pand_net,POSTCODE,-1,-1,BAS_ALG_net,POSTCODE,-1,-1;Plaats "Plaats" true true false 255 Text 0 0 ,First,#,NietBGT_Pand_net,Plaats,-1,-1,BAS_ALG_net,Plaats,-1,-1;Contractcapaciteit "Contractcapaciteit" true true false 4 Long 0 0 ,First,#,NietBGT_Pand_net,Contractcapaciteit,-1,-1,BAS_ALG_net,Contractcapaciteit,-1,-1;Aangevraagde_Contractcapaciteit "Aangevraagde Contractcapaciteit" true true false 4 Long 0 0 ,First,#,NietBGT_Pand_net,Aangevraagde_Contractcapaciteit,-1,-1,BAS_ALG_net,Aangevraagde_Contractcapaciteit,-1,-1;Toekomstige_contractcapaciteit "Toekomstige contractcapaciteit" true true false 4 Long 0 0 ,First,#,NietBGT_Pand_net,Toekomstige_contractcapaciteit,-1,-1,BAS_ALG_net,Toekomstige_contractcapaciteit,-1,-1;Maximaal_piekvermogen "Maximaal piekvermogen" true true false 4 Long 0 0 ,First,#,NietBGT_Pand_net,Maximaal_piekvermogen,-1,-1,BAS_ALG_net,Maximaal_piekvermogen,-1,-1;Verhoogde_basislast "Verhoogde basislast" true true false 4 Long 0 0 ,First,#,NietBGT_Pand_net,Verhoogde_basislast,-1,-1,BAS_ALG_net,Verhoogde_basislast,-1,-1;Vermogen_laadpunten "Vermogen laadpunten" true true false 4 Long 0 0 ,First,#,NietBGT_Pand_net,Vermogen_laadpunten,-1,-1,BAS_ALG_net,Vermogen_laadpunten,-1,-1;WP_vermogen "WP vermogen" true true false 4 Long 0 0 ,First,#,NietBGT_Pand_net,WP_vermogen,-1,-1,BAS_ALG_net,WP_vermogen,-1,-1;Max_vermogen_verbruik "Max vermogen verbruik" true true false 4 Long 0 0 ,First,#,NietBGT_Pand_net,Max_vermogen_verbruik,-1,-1,BAS_ALG_net,Max_vermogen_verbruik,-1,-1;Max_ruimte_verbruik "Max ruimte verbruik" true true false 4 Long 0 0 ,First,#,NietBGT_Pand_net,Max_ruimte_verbruik,-1,-1,BAS_ALG_net,Max_ruimte_verbruik,-1,-1;Oordeel_verbruik "Oordeel verbruik" true true false 255 Text 0 0 ,First,#,NietBGT_Pand_net,Oordeel_verbruik,-1,-1,BAS_ALG_net,Oordeel_verbruik,-1,-1;WP_Zonnepanelen "WP Zonnepanelen" true true false 4 Long 0 0 ,First,#,NietBGT_Pand_net,WP_Zonnepanelen,-1,-1,BAS_ALG_net,WP_Zonnepanelen,-1,-1;Max_ruimte_opwek "Max ruimte opwek" true true false 4 Long 0 0 ,First,#,NietBGT_Pand_net,Max_ruimte_opwek,-1,-1,BAS_ALG_net,Max_ruimte_opwek,-1,-1;Oordeel_opwek "Oordeel opwek" true true false 255 Text 0 0 ,First,#,NietBGT_Pand_net,Oordeel_opwek,-1,-1,BAS_ALG_net,Oordeel_opwek,-1,-1;Bouwwerkcode_CVR "Bouwwerkcode CVR" true true false 255 Text 0 0 ,First,#,NietBGT_Pand_net,Bouwwerkcode_CVR,-1,-1,BAS_ALG_net,Bouwwerkcode_CVR,-1,-1;Objectcode_Defensie "Objectcode Defensie" true true false 255 Text 0 0 ,First,#,NietBGT_Pand_net,Objectcode_Defensie,-1,-1,BAS_ALG_net,Objectcode_Defensie,-1,-1;Shape_Length "Shape_Length" false true true 8 Double 0 0 ,First,#,NietBGT_Pand_net,SHAPE_Length,-1,-1,BAS_ALG_net,SHAPE_Length,-1,-1;Shape_Area "Shape_Area" false true true 8 Double 0 0 ,First,#,NietBGT_Pand_net,SHAPE_Area,-1,-1,BAS_ALG_net,SHAPE_Area,-1,-1" #</Process><Process ToolSource="c:\program files (x86)\arcgis\desktop10.8\ArcToolbox\Toolboxes\Data Management Tools.tbx\JoinField" Date="20251017" Time="110013">JoinField Bouwwerken_netcongestie BOUWWERKCODE GefilteredData Bouwwerkcode_CVR EAN</Process></lineage></DataProperties></Esri></metadata>
